videos subidos,titulo,direccion,publicado
1,Gifs and Owneds REMIX! Party Boy theme!,https://www.youtube.com/watch?v=lFZZiUEQzFY,2006-10-23 14:41:28
2,elrubius in Japan - Gundam ataca Tokyo,https://www.youtube.com/watch?v=nvwTQ_aRHVM,2009-08-13 12:45:30
3,Super Happy Ozil,https://www.youtube.com/watch?v=eK6mVIqxcpA,2010-10-05 18:03:08
4,Trolleando en GTA San Andreas Online Pt 1,https://www.youtube.com/watch?v=uqoi2wxPJbE,2011-07-13 12:50:18
5,Minecraft - Apertura anal del server de Meri y Texturas!!,https://www.youtube.com/watch?v=65UHpiktCew,2011-09-17 19:56:24
6,Minecraft - Apertura anal del server de Meri y Texturas!!,https://www.youtube.com/watch?v=65UHpiktCew,2011-09-17 19:56:24
7,Trolls en Battlefield 3,https://www.youtube.com/watch?v=IoJScEhO5gw,2011-10-31 13:24:11
8,Skyrim - Bukkake ilegal,https://www.youtube.com/watch?v=ltMq7xrrhzg,2011-11-18 11:54:45
9,Saints Row 3 - Dimitris Everywhere,https://www.youtube.com/watch?v=o-IKIHsHvEY,2011-11-25 02:56:18
10,Super Meat Boy - Gitanos y Cubanos,https://www.youtube.com/watch?v=CLnSuV6KiEg,2011-12-14 01:08:03
11,"Especial 10k subs y SORTEO de Minecraft! GANADOR ""0Lourion0""",https://www.youtube.com/watch?v=die990srMrc,2011-12-31 20:36:05
12,Happy Wheels - A la mierda el ni√±o,https://www.youtube.com/watch?v=dfKMGsDevjE,2012-01-02 02:35:55
13,CAMBIO DE CANAL - Explicacion inside,https://www.youtube.com/watch?v=zbEh15WPsvM,2012-01-03 19:20:03
14,ESTE VIDEO NO TIENE SENTIDO,https://www.youtube.com/watch?v=LdzJ5RfgsG0,2012-10-27 14:37:30
15,DAT CAT | Snow (elrubius) | PREVIEW |,https://www.youtube.com/watch?v=ndwf_pmzDps,2012-11-06 23:51:51
16,Una donaci√≥n incomoda...,https://www.youtube.com/watch?v=WACOPXmW9KE,2019-01-12 20:17:15
17,RUBIUS X MARSHMELLO - CONCIERTO FORTNITE,https://www.youtube.com/watch?v=38mhBLKKVOs,2019-02-02 22:08:07
18,NI√ëO DE 13 A√ëOS ME DONA 4300$ EN DIRECTO,https://www.youtube.com/watch?v=GuaWagn7sOU,2019-03-13 00:55:38
19,GRAFICOS QUE TE HARAN LLORAR | Ghost Recon Breakpoint,https://www.youtube.com/watch?v=8pI0Q75gnrI,2019-06-15 20:27:30
20,Mi nueva vida en Minecraft,https://www.youtube.com/watch?v=Rucy5hjZ--Y,2019-07-16 17:42:56
21,Me encuentro un diamante y pasa esto | Minecraft #2,https://www.youtube.com/watch?v=lCCEHAB_b3w,2019-07-18 18:17:38
22,Tengo que abandonarle :( | Minecraft #3,https://www.youtube.com/watch?v=gjZ8YqtLOlg,2019-07-19 17:53:53
23,Tengo Todo Lo Que Quieren Las Wachas | Minecraft #7,https://www.youtube.com/watch?v=-vxPNuRLeg0,2019-07-25 23:06:05
24,MI GRANJA ILEGAL | Minecraft #9,https://www.youtube.com/watch?v=jsALLk3Kv18,2019-07-30 18:26:25
25,Fuiste un gran amigo üíî | Minecraft #11,https://www.youtube.com/watch?v=eVBhQngGodg,2019-08-01 18:53:30
26,ESTE GATO EST√Å MAMADISIMO | Minecraft #16,https://www.youtube.com/watch?v=HcbTNuoXG7s,2019-08-10 19:03:42
27,REVIVIMOS A RICARDO | Minecraft #17,https://www.youtube.com/watch?v=P9kkCDlMkAU,2019-08-12 19:09:31
28,Mi Primer Templo | Minecraft #18,https://www.youtube.com/watch?v=Bnk_NTLXE1k,2019-08-13 18:58:30
29,Como NO Salvar a tu Caballo | Minecraft #20,https://www.youtube.com/watch?v=sVzkiGjErOQ,2019-08-16 19:29:23
30,SON 200 RUBIUH | Minecraft #21,https://www.youtube.com/watch?v=OTWSNxOFuaw,2019-08-17 19:25:28
31,Os Presento a mi Novia | Minecraft #22,https://www.youtube.com/watch?v=Rncrxmk3Aj4,2019-08-19 18:41:49
32,Viaje al Pasado | Minecraft #23,https://www.youtube.com/watch?v=8kfBfSQIBfk,2019-08-21 20:01:16
33,Paquito el Loro | Minecraft #25,https://www.youtube.com/watch?v=BL8RVIXn0pw,2019-08-30 19:22:39
34,Alguien Me Esta Hackeando | Minecraft #26,https://www.youtube.com/watch?v=-wLnB7e2MuM,2019-09-02 19:29:27
35,Encontr√© el TEMPLO MARINO | Minecraft #29,https://www.youtube.com/watch?v=LLb0VWo06K0,2019-09-10 20:32:56
36,Este Juego es un MEME Gigante | Borderlands 3,https://www.youtube.com/watch?v=cn8L2f0Vgh8,2019-09-15 20:40:23
37,Experimento del Cerdo Volador | Minecraft #31,https://www.youtube.com/watch?v=piijGaW-IAY,2019-09-17 19:46:36
38,Encuentro La Mega-Mansi√≥n | Minecraft #32,https://www.youtube.com/watch?v=MY7bYFfLrwo,2019-09-19 19:11:30
39,Rubius VS Drag√≥n: La Batalla Definitiva | Minecraft #33,https://www.youtube.com/watch?v=KYqtN1WS-4E,2019-09-23 18:36:43
40,El Trio Toxico | Apex Legends,https://www.youtube.com/watch?v=depXx_qK1q4,2019-10-03 20:50:11
41,Esto se va a Descontrolar | Karmaland #1,https://www.youtube.com/watch?v=ufO1ugxjB9o,2019-10-08 19:44:21
42,La Trampa de Willyrex | Karmaland #2,https://www.youtube.com/watch?v=E8jgHxBrHiw,2019-10-10 19:18:34
43,Los Dioses Me Castigaran Por Esto | Karmaland #3,https://www.youtube.com/watch?v=f6xrk-0ScMY,2019-10-12 19:49:34
44,Diamante a Pu√±etazos | Karmaland #4,https://www.youtube.com/watch?v=a-ixpFS8gn4,2019-10-14 18:44:46
45,Conociendo a un Psicopata | Karmaland #5,https://www.youtube.com/watch?v=a0I_c7DwGZY,2019-10-16 20:38:44
46,Mi Mejor Amigo Vegetta777 | Karmaland #7,https://www.youtube.com/watch?v=qz6mwgY8BRk,2019-10-20 19:53:55
47,La Bebida ILEGAL | Karmaland #10,https://www.youtube.com/watch?v=eCZZ9isMUBs,2019-10-27 20:35:42
48,Mi Habitacion Otaku | Karmaland #14,https://www.youtube.com/watch?v=NXH0NOkENx8,2019-11-04 20:39:25
49,Mi Nueva Nueva NUEVA Casa | Karmaland #19,https://www.youtube.com/watch?v=v4uJJZClK0E,2019-11-17 20:06:32
50,Ponemos Carteles MASIVOS | Karmaland #22,https://www.youtube.com/watch?v=YmXjK8QdTsY,2019-11-24 19:48:40
51,Vegetta Nunca Me Perdonara | Karmaland #24,https://www.youtube.com/watch?v=bhdYWKu87pI,2019-11-28 21:54:51
52,Lolito me vende a Frederick | Karmaland #26,https://www.youtube.com/watch?v=91nKX8pQQIQ,2019-12-02 21:40:04
53,EL POLLO ERA FAKE!!! | Karmaland #27,https://www.youtube.com/watch?v=OxUHPaTIXFc,2019-12-04 20:42:22
54,SOMOS RICOS | Karmaland #29,https://www.youtube.com/watch?v=fTc8zRVHNs0,2019-12-11 21:00:50
55,Molestando a Vegetta777 | Karmaland #30,https://www.youtube.com/watch?v=7xkBSwbVSQc,2019-12-14 21:17:03
56,El Mayor Tesoro de Karmaland | Karmaland #31,https://www.youtube.com/watch?v=rQuaYNuavpw,2019-12-16 21:26:13
57,Mi Mayor Venganza (me vuelvo loco) | Karmaland #33,https://www.youtube.com/watch?v=LxzX1c9bwI0,2019-12-20 19:29:06
58,Me Quieren Denunciar Por Esto | Karmaland #34,https://www.youtube.com/watch?v=RdAHWiO3SbQ,2019-12-23 20:44:59
59,Salvamos La Navidad | Karmaland #35,https://www.youtube.com/watch?v=v-cV6lfmYH0,2019-12-25 19:44:23
60,Futura Granja de Limones 4K! | Karmaland #36,https://www.youtube.com/watch?v=vroOA4xzlzY,2019-12-27 19:53:25
61,El Pacto con Vegetta | Karmaland #39,https://www.youtube.com/watch?v=UnRnK1H7EuA,2020-01-08 21:14:08
62,"Mangel, Se Oscuro | Karmaland #40",https://www.youtube.com/watch?v=4LMkUu_eVKI,2020-01-10 20:42:16
63,TODO ILEGAL VEGETTA | Karmaland #41,https://www.youtube.com/watch?v=l_E7xBULYnQ,2020-01-14 19:19:55
64,Construyo un Tren 99% Funcional | Karmaland #42,https://www.youtube.com/watch?v=4X7O3YrAGIU,2020-01-16 19:33:39
65,La Television Nostalgica | Karmaland #43,https://www.youtube.com/watch?v=FV2nUBgDDjc,2020-01-18 20:02:42
66,La Broma Invisible | Karmaland #44,https://www.youtube.com/watch?v=HjAL_iErJF4,2020-01-20 19:50:13
67,Vegetta VS Trampa de Lava | Karmaland #45,https://www.youtube.com/watch?v=5nYtypVoe4Y,2020-01-22 20:18:42
68,Esto Si Que Es ILEGALISIMO | Karmaland #46,https://www.youtube.com/watch?v=a9jiosJGRl4,2020-01-25 19:50:41
69,SI MUERO ACABA EL VIDEO | Minecraft Hardcore #1,https://www.youtube.com/watch?v=DL00hKZqeD4,2020-01-26 21:25:13
70,Ha Vuelto A Casa... Pero... | Karmaland #47,https://www.youtube.com/watch?v=CCCf9SSIF8M,2020-01-27 19:31:40
71,Este No Es Mi Alcalde | Karmaland #48,https://www.youtube.com/watch?v=LtcXrgtcrnA,2020-01-29 19:58:11
72,El Pico Mas MAMADISIMO de Karmaland | Karmaland #50,https://www.youtube.com/watch?v=0DbBFAOoUwg,2020-02-03 20:36:27
73,Creo Mi Propio EJERCITO | Minecraft Hardcore #3,https://www.youtube.com/watch?v=PO0lMXpID8c,2020-02-05 21:12:13
74,Auron Me Regala Cosas ILEGALISIMAS | Karmaland #51,https://www.youtube.com/watch?v=qEcYPl05hI8,2020-02-07 19:40:19
75,"Pato, No Seas Malo... en Apex",https://www.youtube.com/watch?v=xXxrcZtjKxs,2020-02-09 19:33:10
76,La DEEP WEB de Minecraft | Karmaland #52,https://www.youtube.com/watch?v=pGqnEWPG9M8,2020-02-11 21:01:33
77,Solo Una Oportunidad | Minecraft Hardcore #4,https://www.youtube.com/watch?v=MCoxLYbNH-c,2020-02-15 20:55:06
78,Abriendo mis Regalos de Cumple | Karmaland #54,https://www.youtube.com/watch?v=oIjxrGEEphI,2020-02-18 20:34:49
79,Me Meten en la Carcel | Karmaland #56,https://www.youtube.com/watch?v=XrACVd3rs4Q,2020-02-23 20:30:57
80,Una Cita Incomoda | Karmaland #57,https://www.youtube.com/watch?v=Ls1WrqfAT4Q,2020-02-26 19:45:05
81,Salvando a los Perros de Mangel (sale mal) | Karmaland #58,https://www.youtube.com/watch?v=af4fmi4Dlcg,2020-02-28 20:21:02
82,El Retorno de El Bromas | Karmaland #59,https://www.youtube.com/watch?v=jUO3pS-u7AA,2020-03-01 20:22:38
83,El Bug de Mordisquitos | Karmaland #60,https://www.youtube.com/watch?v=isixxavPbQs,2020-03-03 19:40:42
84,Destruyo La Casa de Mangel (VENGANZA) | Karmaland #61,https://www.youtube.com/watch?v=T9dWAIt3GTw,2020-03-05 19:52:43
85,El Burrius y La Desaparici√≥n de Nieves | Karmaland #62,https://www.youtube.com/watch?v=0tymUk1n4cc,2020-03-08 20:02:20
86,Granja de Impresoras ILEGALISIMA? | Karmaland #63,https://www.youtube.com/watch?v=-TonD1vhjY0,2020-03-11 19:45:43
87,Vegetta Me Revela Su Mayor SECRETO | Karmaland #64,https://www.youtube.com/watch?v=T7d9Hrze3wE,2020-03-13 21:08:15
88,La Bruja que puede Salvar a Nieves | Karmaland #65,https://www.youtube.com/watch?v=Jo4MylpMrQk,2020-03-17 17:49:03
89,Si Tengo Gemelos... ES ILEGALISIMO? | Karmaland #68,https://www.youtube.com/watch?v=kFQxqu6MMZM,2020-03-23 20:55:44
90,El Ladr√≥n de Mujeres | Karmaland #69,https://www.youtube.com/watch?v=VVmWzwVfIpY,2020-03-25 21:12:46
91,Cazando con Triple 7 | Karmaland #70,https://www.youtube.com/watch?v=-EDkcjeyiic,2020-03-27 20:55:05
92,El Chocobo Imposible | Karmaland #71,https://www.youtube.com/watch?v=7RhWjqkBhR8,2020-03-29 21:11:36
93,"Karmaland - ""Vinito Barato de Luzu"" - Remix Oficial",https://www.youtube.com/watch?v=j9dfMBStyPo,2020-03-30 21:02:15
94,3 Boomers Incuban un Huevo | Karmaland #72,https://www.youtube.com/watch?v=0WVgyAYL8b4,2020-04-01 18:27:23
95,Exploto Mi Casa Entera de Karmaland | Karmaland #73,https://www.youtube.com/watch?v=MFgdM9j9jGw,2020-04-03 19:00:29
96,Empezando Mi Nueva Vida | Karmaland #74,https://www.youtube.com/watch?v=DVfjFhzBSZY,2020-04-05 19:21:01
97,"Triple 7, Tenemos que Casarnos... | Karmaland #75",https://www.youtube.com/watch?v=qbUOUVUec1o,2020-04-08 18:24:42
98,El Parasito de Vegetta777 | Karmaland #76,https://www.youtube.com/watch?v=aiAogtbjk48,2020-04-10 20:19:40
99,El Laberinto IMPOSIBLE de Alexby | Karmaland #78,https://www.youtube.com/watch?v=WvOB--cQUGg,2020-04-16 18:41:28
100,TTT en 2020,https://www.youtube.com/watch?v=M3sUmUlZpxQ,2020-04-18 19:22:53
101,La Nueva Base Oscura | Karmaland #79,https://www.youtube.com/watch?v=RXYv3IcmzwA,2020-04-20 20:19:09
102,"Bryan, Mi Hijo Rebelde | Karmaland #80",https://www.youtube.com/watch?v=g9G0PzOtejk,2020-04-23 19:53:11
103,4 BORRACHOS REACCIONAN A CONCIERTO DE FORTNITE de Travis Scott,https://www.youtube.com/watch?v=Eys8k_v0Q1s,2020-04-24 16:37:08
104,Auron es mi Sugar Daddy | Karmaland #81,https://www.youtube.com/watch?v=hS_KeYweFCo,2020-04-25 19:50:22
105,NUEVO TNT INVERSO | Karmaland #82,https://www.youtube.com/watch?v=nmBwp-Fzfqc,2020-04-27 20:45:59
106,Bunker Anti-Meteoritos | Karmaland #84,https://www.youtube.com/watch?v=gCFQu9_VxTc,2020-05-03 17:17:53
107,La Horrible Verdad Sobre Willyrex | Karmaland #85,https://www.youtube.com/watch?v=RYfiCSbqmQ4,2020-05-05 20:45:18
108,El Dia del Impacto Final | Karmaland #86,https://www.youtube.com/watch?v=scYv078qPM8,2020-05-07 19:16:49
109,Experimentos con El Agujero Negro | Karmaland #87,https://www.youtube.com/watch?v=bXj8LaT-kY8,2020-05-09 19:25:14
110,Rubius Chikito :( | Karmaland #88,https://www.youtube.com/watch?v=mKsj2PicgyM,2020-05-12 19:22:25
111,La Nueva Waifu | Apex Legends (Momentos Divertidos),https://www.youtube.com/watch?v=lciKXuXwM18,2020-05-14 19:52:33
112,Mi Aprendiz Oscuro | Karmaland #91,https://www.youtube.com/watch?v=QK-3zd_lwH8,2020-05-22 19:08:11
113,Viaje en el Tiempo | Karmaland #92,https://www.youtube.com/watch?v=HAxqwkyK7sU,2020-05-26 18:07:05
114,COMIENZA EL SALSEO | Detroit Become Human #1,https://www.youtube.com/watch?v=c6X1ZFDeEkE,2020-05-27 17:50:14
115,Jurassic Karmaland | Karmaland #93,https://www.youtube.com/watch?v=lpwuH7iZJM8,2020-05-28 19:32:46
116,EMPEZANDO A SENTIR | Detroit Become Human #2,https://www.youtube.com/watch?v=M6_70w5XoW0,2020-05-29 18:34:57
117,"OTRA TRIBU, UNGA UNGA | Karmaland #94",https://www.youtube.com/watch?v=07CQ_1tDBMI,2020-05-30 19:55:15
118,EL DESPERTAR | Detroit Become Human #3,https://www.youtube.com/watch?v=DJmA9NatkFk,2020-05-31 19:01:46
119,SIGUEN VIVOS | Detroit Become Human #4,https://www.youtube.com/watch?v=LwYydJv8zUw,2020-06-01 18:56:08
120,ANDROIDES DEL PLACER | Detroit Become Human #7,https://www.youtube.com/watch?v=jERc-VH_DnI,2020-06-05 18:49:37
121,Regreso Al Futuro | Karmaland #95,https://www.youtube.com/watch?v=eUASQuZ2aQQ,2020-06-07 20:08:27
122,LA REVOLUCI√ìN | Detroit Become Human #8,https://www.youtube.com/watch?v=3CCBJm8NXRw,2020-06-08 21:23:11
123,SOMOS LEGI√ìN | Detroit Become Human #9,https://www.youtube.com/watch?v=ajShsp4AmIc,2020-06-10 19:52:21
124,Barcos Mamadisimos | Karmaland #96,https://www.youtube.com/watch?v=Lq0QsxmUdww,2020-06-11 20:54:46
125,EL CREADOR | Detroit Become Human #10,https://www.youtube.com/watch?v=L1dsITHqMvg,2020-06-12 19:43:20
126,EL ENCUENTRO | Detroit Become Human #11,https://www.youtube.com/watch?v=6tlWpeHWUEA,2020-06-14 19:30:16
127,EL GRAN FINAL | Detroit Become Human #12,https://www.youtube.com/watch?v=EXdGMhsYEC8,2020-06-17 18:02:55
128,The Last of Us 2 en 120 segundos (SPOILERS),https://www.youtube.com/watch?v=g3SaPz3w1rA,2020-06-19 16:34:07
129,3 Boomers y 1 Destino | Karmaland #98,https://www.youtube.com/watch?v=l4fuyHYm05c,2020-06-22 18:09:58
130,UN NEGOCIO ILEGAL | GTA V Roleplay #4,https://www.youtube.com/watch?v=ErDO-HV4JhM,2020-06-24 20:50:26
131,Mochila Multi-Usos | Karmaland #99,https://www.youtube.com/watch?v=bxfwzCvCYY0,2020-06-26 19:20:17
132,SALSEO EN LA DISCOTECA | GTA V Roleplay #5,https://www.youtube.com/watch?v=gdURZp_W2Js,2020-06-28 20:54:48
133,Secuestro a la Novia de Willy | Karmaland #100,https://www.youtube.com/watch?v=L__7QeCjNnY,2020-07-02 19:34:35
134,UNBOXING CAJA GIGANTE EXCLUSIVA - The Last of Us Parte 2,https://www.youtube.com/watch?v=iACT5gthDY4,2020-07-04 18:25:37
135,MI PRIMERA VEZ EN LA CARCEL | GTA V Roleplay #6,https://www.youtube.com/watch?v=AZaZ3POiXNc,2020-07-06 20:07:03
136,Mi Primer Duelo PVP contra Vegetta777 | Karmaland #101,https://www.youtube.com/watch?v=jhlzdDy9rNQ,2020-07-10 18:16:48
137,La Decisi√≥n Final,https://www.youtube.com/watch?v=bGY7S5u5FFY,2020-07-15 19:37:06
138,ME DAN UNA PALIZA | GTA V Roleplay #7,https://www.youtube.com/watch?v=NSiTqEzLXw4,2020-07-16 18:36:22
139,El Nuevo Protector de Karmaland | Karmaland #102,https://www.youtube.com/watch?v=rKIC1zjmInM,2020-07-25 19:15:27
140,Mejores Momentos de JJ en GTA Roleplay,https://www.youtube.com/watch?v=RjFoMpDtsk8,2020-07-27 19:35:13
141,PODER ILIMITADO | Karmaland #103,https://www.youtube.com/watch?v=xYNLQj2mjxs,2020-07-30 18:03:03
142,El Primer VEHICULO VOLADOR de Karmaland | Karmaland #104,https://www.youtube.com/watch?v=NgDQr0cECdM,2020-08-01 21:08:57
143,Vuelve Triple 7 Y NO ESTA CONTENTO | Karmaland #105,https://www.youtube.com/watch?v=6jCN4Q80p9U,2020-08-03 19:09:11
144,A POR LA CORONA üëë | Fall Guys,https://www.youtube.com/watch?v=RoN5_9Suqug,2020-08-06 18:34:44
145,Un dia sin piernas en GTA Roleplay,https://www.youtube.com/watch?v=hHpn-mhlIPc,2020-08-08 19:40:38
146,KUN AG√úERO Y RUBIUS A POR LA CORONA üëë | Fall Guys,https://www.youtube.com/watch?v=eew7QJqFn7Q,2020-08-10 17:06:34
147,NOVIA A LA FUGA | Karmaland #106,https://www.youtube.com/watch?v=W6gwVnhQ2Q0,2020-08-13 18:08:24
148,EL CHALLENGE DEL PUENTE | Skate 3,https://www.youtube.com/watch?v=ccROZZqIlmU,2020-08-16 18:47:59
149,SIMULADOR DE ESCAPAR DE TU PAIS | Flight Simulator 2020,https://www.youtube.com/watch?v=BqPmo7gSB38,2020-08-20 19:29:58
150,3 BOOMERS VS UNA NI√ëA TERRORIFICA | Pacify,https://www.youtube.com/watch?v=q5ONMS_W57s,2020-08-23 18:42:24
151,HAY UN IMPOSTOR EN LA NAVE | Among Us,https://www.youtube.com/watch?v=Kvh_yR2Oy7Q,2020-08-28 20:04:13
152,DOBLE KILL PERFECTA | Among Us (IMPOSTOR),https://www.youtube.com/watch?v=_u27Phrn32w,2020-09-03 18:51:37
153,LA MEJOR PARTIDA DE IMPOSTOR | Among Us,https://www.youtube.com/watch?v=klXA_OWIr6o,2020-09-05 18:15:15
154,IMPOSIBLE QUE SOSPECHEN DE NOSOTROS | Among Us,https://www.youtube.com/watch?v=44VaR1DVf78,2020-09-09 20:29:26
155,EL EQUIPO OSCURO ft. Willyrex | Among Us,https://www.youtube.com/watch?v=wJfqBGXafXE,2020-09-11 18:37:42
156,SIMULADOR DE LA VIDA DE UN STREAMER,https://www.youtube.com/watch?v=ySCriRvj9fg,2020-09-13 18:51:02
157,me PILLAN y me hago el OFENDIDO para ganar la partida | Among Us,https://www.youtube.com/watch?v=QX3Hj15xI3o,2020-09-15 18:50:51
158,SE AHOGAN EN SUS PROPIAS MENTIRAS | Among Us,https://www.youtube.com/watch?v=WgVNBRN7r6M,2020-09-19 19:59:49
159,NO DEB√ç VOLVER | Five Nights at Freddy's,https://www.youtube.com/watch?v=BI_GmVoh3y8,2020-09-22 18:04:56
160,CEREBRO GIGANTE | Among Us,https://www.youtube.com/watch?v=9PNeV44RIyU,2020-09-25 18:56:20
161,NO ERES VALIENTE... | Five Nights at Freddy's,https://www.youtube.com/watch?v=MkUoJOXDQ0c,2020-09-27 18:34:01
162,SOY EL TERCER IMPOSTOR | Among Us,https://www.youtube.com/watch?v=YMZDasatmHk,2020-09-29 18:45:05
163,CAZADORES DE FANTASMAS | Phasmophobia,https://www.youtube.com/watch?v=F2BkC7dY5rk,2020-10-04 16:58:02
164,este duo de RATAS es imparable | Among Us,https://www.youtube.com/watch?v=FChOlDm5Odo,2020-10-07 18:47:20
165,MIENTO MAS QUE HABLO | Among Us,https://www.youtube.com/watch?v=M7hkaCnZP4A,2020-10-17 20:40:30
166,el DIA que tuve -2 de IQ | Among Us,https://www.youtube.com/watch?v=6QRj1X7oq08,2020-10-24 18:20:55
167,Among Us en VR,https://www.youtube.com/watch?v=VBTtvPNPcWw,2020-10-26 21:11:18
168,ES ESTE VUESTRO IDOLO? | Watch Dogs: Legion,https://www.youtube.com/watch?v=0pRT0NXUTcE,2020-10-28 19:34:49
169,TERMINO MINECRAFT EN MENOS DE 1 HORA (Speedrun Any% RSG 1.16.1),https://www.youtube.com/watch?v=AgmH_7-G1Mo,2020-10-29 20:16:04
170,NUEVO MODO *ANONIMO* | Among Us,https://www.youtube.com/watch?v=X4ObtY1En1U,2020-10-31 18:20:33
171,NO MESSIRVE | Memes Reddit #1,https://www.youtube.com/watch?v=tanWvO18z-I,2020-11-06 20:32:25
172,LA PARTIDA MAS BRUTAL DE IMPOSTOR | Among Us,https://www.youtube.com/watch?v=7WMzkpDRm1E,2020-11-09 19:43:18
173,Until Dawn - Serie Completa (2020) by Rubius,https://www.youtube.com/watch?v=QX3KwHT9cDo,2020-11-12 19:09:12
174,LA SKIN DE MI GATO! | Spider-Man: Miles Morales (PS5),https://www.youtube.com/watch?v=iz6w43QTX1A,2020-11-15 19:28:40
175,1 BORRACHO REACCIONA A EVENTO DE FORTNITE de Galactus,https://www.youtube.com/watch?v=V-Fy2ttL3JM,2020-12-02 17:35:46
176,SIMON DICE con LOLITO! | Fortnite,https://www.youtube.com/watch?v=UhcbWAaxFo8,2020-12-10 19:44:52
177,La dura vida de Rubius,https://www.youtube.com/watch?v=C73fPGlfJVM,2020-12-15 19:34:20
178,EL MEJOR SIMULADOR DE DJ | FUSER,https://www.youtube.com/watch?v=QxeGFfm0m6o,2020-12-18 21:01:04
179,YO EN EL DIA DE MI BODA | Memes Reddit #2,https://www.youtube.com/watch?v=4_-s6vP6HNs,2020-12-22 18:25:03
180,UNBOXING CAJA DE 20.000$ DE CARTAS DE POKEMON,https://www.youtube.com/watch?v=wk8hnYDJofk,2020-12-27 19:35:33
181,INTENTO CRASHEAR MI PC CON 500000 COHETES | Fireworks Mania,https://www.youtube.com/watch?v=hfJ2qY59adY,2020-12-29 19:30:42
182,JUNTANDO A 70 STREAMERS EN RUST | EGOLAND #1,https://www.youtube.com/watch?v=7oIsAv2i3Js,2021-01-04 19:53:06
183,TEAM AURON VS TEAM RUBIUS | EGOLAND #2,https://www.youtube.com/watch?v=Udc1bsV-qlI,2021-01-07 19:49:38
184,El Asesino de la Trompeta üíÄüé∫,https://www.youtube.com/watch?v=0UBqyyxxs1w,2021-01-08 17:37:41
185,ANIQUILANDO AL SERVER ENTERO | EGOLAND #3,https://www.youtube.com/watch?v=KLbb1XUxoVc,2021-01-09 19:26:51
186,NOS RAIDEAN LA CASA!! | EGOLAND #6,https://www.youtube.com/watch?v=o_Cornon8mc,2021-01-16 18:28:13
187,ODIO ESTE MEME DE AMONG US | Memes Reddit #3,https://www.youtube.com/watch?v=1-WV2iQ0z04,2021-01-18 20:02:19
188,EL CHAT MONTA MI NUEVO SETUP! (2021),https://www.youtube.com/watch?v=ICKblgBcNJI,2021-02-03 22:03:58
189,GRAN MAESTRO DE AJEDREZ DESTROZA A RUBIUS EN 30 SEGUNDOS (Rubius VS Hikaru),https://www.youtube.com/watch?v=qZojRHfHtEI,2021-02-05 21:04:40
190,TENGO LA MAYOR SUERTE DEL MUNDO | GENSHIN IMPACT,https://www.youtube.com/watch?v=nGMa5fRp5KY,2021-02-08 19:53:44
191,YOUTUBERS VS DINOSAURIOS | ARKADIA #1,https://www.youtube.com/watch?v=hgaVvqcj-VY,2021-02-10 19:26:04
192,EL BATTLEROYALE MAS ESTUPIDO DEL MUNDO | Totally Accurate Battleground,https://www.youtube.com/watch?v=bGtRtRObObc,2021-02-12 18:32:17
193,QUE DIA ES MUFASA?,https://www.youtube.com/watch?v=8HjAsAl7DcU,2021-02-13 19:10:36
194,MI PRIMER DINO MATA A TODOS (sin querer) | ARKADIA #2,https://www.youtube.com/watch?v=svEmv_j09Bg,2021-02-16 20:25:40
195,SIMULADOR DE DETECTIVE DE ACCIDENTES | Accident,https://www.youtube.com/watch?v=hkohA_wpqnM,2021-02-19 21:58:37
196,ESTOS RUSOS ESTAN BOBOS | Accident #2,https://www.youtube.com/watch?v=u1KIiF1dv28,2021-02-24 19:51:29
197,SIMULADOR DE BATALLAS RIDICULAS | TABS,https://www.youtube.com/watch?v=RnfD6eyQXkk,2021-03-01 18:05:44
198,El Chat me DONA para TROLEARME en Minecraft,https://www.youtube.com/watch?v=Lzl8WuLDxo8,2021-03-06 20:39:39
199,ME PAREZCO A LA HERMANA DE MESSI? | Memes Reddit #4,https://www.youtube.com/watch?v=S1X0jVwVjDw,2021-03-10 18:32:46
200,EL REY EST√Å ROTISIMO! | TABS #2,https://www.youtube.com/watch?v=1rcIfm367bc,2021-03-14 19:19:59
201,EL FESTIVAL DE MINIJUEGOS OTAKUS | Genshin Impact,https://www.youtube.com/watch?v=t3LB921Uxp0,2021-03-24 19:10:30
202,CHEF NORUEGO Y SU SE√ëORA COCINAN RAMEN,https://www.youtube.com/watch?v=G9ndHPkVbj4,2021-03-28 16:36:34
203,UNBOXING DE UN CHARIZARD DE $30.000!!! (CAJA DE POKEMON #2),https://www.youtube.com/watch?v=3PvvmkfLWBc,2021-04-01 20:01:39
204,BRO ERES EL RUBIUS BRO???,https://www.youtube.com/watch?v=BfuFecCLh6s,2021-04-08 17:40:16
205,CHEF NORUEGO Y SU SE√ëORA COCINAN TORTILLA ESPA√ëOLA CON VODKA,https://www.youtube.com/watch?v=G0OBPMpIeq0,2021-04-17 16:53:00
206,ESTE JUEGO ES RE TROLL | Core,https://www.youtube.com/watch?v=iMMeZnL2HrE,2021-04-22 16:49:57
207,EL MEJOR JUEGO DE MUSICA! | Friday Night Funkin' (RUBIUS MOD),https://www.youtube.com/watch?v=k5mMZKuw-kU,2021-04-25 18:45:40
208,RUBIUS VS AURONPLAY | Friday Night Funkin' (RUBIUS MOD),https://www.youtube.com/watch?v=KuuMjtx9cFI,2021-04-29 17:20:58
209,EL TALENTO OCULTO DE RUBIUS | Memes Reddit #5,https://www.youtube.com/watch?v=y4655vaU6u8,2021-05-07 16:54:58
210,Dame tus derechos humanos,https://www.youtube.com/watch?v=C2GAfhMrb9w,2021-05-11 17:02:40
211,PRIMER DIA SIENDO ILEGALISIMO | MINECRAFT PIRATAS #1,https://www.youtube.com/watch?v=pQNLHlJe2Xo,2021-05-19 17:01:41
212,ESQUIVA LA PELOTA... üíÄ,https://www.youtube.com/watch?v=P-JMfTHyLnI,2021-05-26 16:11:11
213,NO DEB√ç ROBAR ESTE LIBRO | MINECRAFT PIRATAS #4,https://www.youtube.com/watch?v=AUyrK45TkKo,2021-06-01 16:16:44
214,aprendiendo a conducir (mal),https://www.youtube.com/watch?v=cXorRzBrjMs,2021-06-05 16:44:01
215,CHEF NORUEGO COCINA COMIDA DEL GENSHIN IMPACT,https://www.youtube.com/watch?v=jLOwnkqGk-E,2021-06-09 18:52:37
216,TENGO 2 BOTONES DE DIAMANTE DE YOUTUBE!,https://www.youtube.com/watch?v=9SP2ielQkc4,2021-06-19 17:50:30
217,SE DEJ√ì LA PUERTA ABIERTA XDDD | Minecraft Piratas #5,https://www.youtube.com/watch?v=XH1SQUxDze8,2021-06-21 17:45:09
218,aprendiendo a bajar escaleras (mal),https://www.youtube.com/watch?v=aZ_PcUZK-fk,2021-06-25 18:28:13
219,LE DONO 100‚Ç¨ Y SE VUELVE LOCO,https://www.youtube.com/watch?v=UD8WiqDuwj8,2021-07-01 17:02:27
220,SI NO DEJO DE ROBAR ME VAN A BANEAR | Minecraft Piratas #6,https://www.youtube.com/watch?v=yC4NEGlEbAg,2021-07-03 15:40:10
221,CONSIGO LA ESPADA MAS ROTA DE LA HISTORIA DE MINECRAFT | Minecraft Piratas #7,https://www.youtube.com/watch?v=S7O7c6T3gTA,2021-07-07 16:32:40
222,PONIENDO MI PC AL LIMITE CON LA EXPLOSION MAS GRANDE DEL FIREWORKS MANIA #2,https://www.youtube.com/watch?v=T3KcLHU2CgA,2021-07-09 17:58:20
223,ATACAN MI GRANJA DE EXPERIENCIA | Minecraft Piratas #8,https://www.youtube.com/watch?v=6llMcWn-lS8,2021-07-14 17:10:38
224,EL DESPERTAR DE SIREN HEAD | Siren Head Resurrection #1,https://www.youtube.com/watch?v=ZlqIXwdEPAM,2021-07-17 18:10:30
225,VEGETTA TRAFICA CON HUMANOS | Minecraft Piratas #9,https://www.youtube.com/watch?v=S-E_tMgGH-A,2021-07-21 21:37:34
226,EL FINAL DE SIREN HEAD | Siren Head Resurrection #2 (FINAL),https://www.youtube.com/watch?v=BaDc04ePI4I,2021-07-26 16:22:05
227,LA LEYENDA DEL DRAGON | Minecraft Piratas #10,https://www.youtube.com/watch?v=YbJ9z8qmq5g,2021-07-29 16:46:29
228,ME HAGO PASAR POR BOT | Hide and Seek GMOD,https://www.youtube.com/watch?v=YkPvm5Vsklo,2021-07-31 17:09:05
229,JUZGANDO VUESTRAS CASAS | Genshin Impact,https://www.youtube.com/watch?v=-S2Mgtifft0,2021-08-02 18:15:54
230,LOS GRISES HAN LLEGADO | They Are Here: Alien Abduction Horror,https://www.youtube.com/watch?v=KNlsP7s1L-s,2021-08-08 18:45:38
231,LEYENDO PETICIONES DE DESBANEO #1,https://www.youtube.com/watch?v=6xCDgG3wqxI,2021-08-15 16:37:38
232,RUBIUS BARBUDO REACCIONA A ANUNCIOS JAPONESES,https://www.youtube.com/watch?v=h-5ePFQKaAo,2021-08-28 18:16:55
233,Este Juego Me Di√≥ Un Ataque Al Coraz√≥n,https://www.youtube.com/watch?v=FKs4E_bbDu4,2021-08-30 17:02:24
234,LEYENDO PETICIONES DE DESBANEO #2,https://www.youtube.com/watch?v=DxzZtMAyhF4,2021-09-02 16:33:39
235,ü•µ BAAAAAAAAAAAAAAAAAAAL ü•µ | Genshin Impact,https://www.youtube.com/watch?v=SSbBV2iiikA,2021-09-04 19:33:29
236,ADIVINA LA PELICULA USANDO SOLO GESTOS,https://www.youtube.com/watch?v=BIaEwYSbcaA,2021-09-06 16:52:16
237,Rubius trapero no existe. Rubius trapero:,https://www.youtube.com/watch?v=mXGqYSbLnUc,2021-09-08 17:17:12
238,BOOMER REACCIONA A TIK TOKS CRINGE #2,https://www.youtube.com/watch?v=GeZYiSiD6Kk,2021-09-10 18:56:23
239,EL TRIO TOXICO | NARAKA: BLADEPOINT,https://www.youtube.com/watch?v=jfzURvMKOuU,2021-09-13 17:49:31
240,"UNBOXING de Figura ""RUBIUS HERMANDAD OSCURA"" y PELUCHE WILSON!",https://www.youtube.com/watch?v=3BbIcNnXeFM,2021-09-15 17:24:31
241,GTA 5 pero hay CAOS cada 30 segundos (Mod),https://www.youtube.com/watch?v=4hxvaBEpgBM,2021-09-18 17:05:53
242,INTENTA NO REIRTE VIENDO ESTE VIDEO | Super Bunny Man,https://www.youtube.com/watch?v=DByzIngH9_o,2021-09-21 17:12:52
243,PREGUNTANDO COSAS RANDOM A ALEXA,https://www.youtube.com/watch?v=MCt1flINpDA,2021-09-24 16:15:04
244,EL HOMBRE DEL SACO VIENE A POR MI | BOOGEYMAN 2,https://www.youtube.com/watch?v=KngGJ0lUa4E,2021-09-28 20:38:09
245,JESUS SE VUELVE COMPLETAMENTE LOCO (GTA 5 Caos Mod #2),https://www.youtube.com/watch?v=amKEijrl_3M,2021-10-01 19:57:03
246,aprendiendo a conducir autobuses (mal),https://www.youtube.com/watch?v=010vRTOp0rM,2021-10-03 20:29:31
247,SOLO QUIERO UN AVI√ìN!! | FAR CRY 6 (mejores momentos),https://www.youtube.com/watch?v=pnBCn5Jr_-s,2021-10-08 19:34:25
248,NORUEGO VISITA MEXICO EN ROBLOX *SALE MAL* ft. Quackity,https://www.youtube.com/watch?v=9kMffPRcWaA,2021-10-19 20:03:28
249,LA DURA VIDA DE UN YOUTUBER | Youtuber's Life 2,https://www.youtube.com/watch?v=PppFjBpknik,2021-10-21 18:16:12
250,SPIDERMAN LO HIZO DE NUEVO | Memes Reddit #6,https://www.youtube.com/watch?v=fhXOM5OOLkA,2021-10-24 18:23:54
251,HABER ESTUDIAO #1,https://www.youtube.com/watch?v=zHlBwoQyTXM,2021-10-27 17:11:37
252,LA FABRICA DE JUGUETES TERRORIFICA | Poppy Playtime,https://www.youtube.com/watch?v=zQ4rl8xkvdk,2021-10-31 19:27:47
253,CLIPS LEGENDARIOS DE RUBIUS #1,https://www.youtube.com/watch?v=PW2RP2Kg5c4,2021-11-06 20:02:46
254,SACRIFICIO AL PULPO | Gang Beast (momentos divertidos),https://www.youtube.com/watch?v=CThup6V38-o,2021-11-10 21:30:47
255,ASISTENTE EN UN DEPOSITO DE CADAVERES (sale mal),https://www.youtube.com/watch?v=BdKWRKpep_8,2021-11-12 19:20:01
256,CLIPS LEGENDARIOS DE RUBIUS #2,https://www.youtube.com/watch?v=JK5B5DJkdog,2021-11-15 19:31:12
257,ABSOLUTA LEYENDA DEL GAMING REACCIONA A NARUTO X FORTNITE,https://www.youtube.com/watch?v=OZtM2zIk4bA,2021-11-17 21:28:57
258,HABER ESTUDIAO #2,https://www.youtube.com/watch?v=MQcvCVcCaPs,2021-11-24 18:10:55
259,GOLF IT PERO QUIEN PIERDA ES FUNADO EN TWITTER,https://www.youtube.com/watch?v=0NndYxMiQWg,2021-11-26 20:35:00
260,Me compro la NAVE MAS CARA del Star Citizen y...,https://www.youtube.com/watch?v=gaFtXPG58nY,2021-11-30 20:05:16
261,PERDIENDO la CABEZA (y mi dinero) en MAQUINAS de GANCHO,https://www.youtube.com/watch?v=_vAgCyzh37w,2021-12-03 19:22:15
262,"19,800 de IQ en la partida mas GRANDE de Among Us",https://www.youtube.com/watch?v=8GPPWwSAti8,2021-12-07 21:30:08
263,INTERCAMBIO MI IDENTIDAD CON AURON (sale mal),https://www.youtube.com/watch?v=dGAeel1BRtc,2021-12-11 22:30:03
264,RUBIUS VS GAVIOTAS EN MOTO (GTA 5 Caos Mod #3),https://www.youtube.com/watch?v=D3I1bPkiIXU,2021-12-14 19:00:45
265,TRABAJANDO EN UNA HAMBURGUESERIA MUY EXTRA√ëA | Happy's Humble Burger Farm,https://www.youtube.com/watch?v=_HxEEc1uYDs,2021-12-18 21:00:08
266,HAN VUELTO Y VIENEN A POR MI | Five Nights at Freddy's: Security Breach,https://www.youtube.com/watch?v=XsNI6oLr4Js,2021-12-21 19:40:36
267,ESTE JUEGO ESTA MAL HECHOOOO!! | Five Nights at Freddy's: Security Breach #2,https://www.youtube.com/watch?v=ANHNhbF3bEA,2021-12-25 19:01:35
268,RUBIUS HACE UN TEST DE PERSONALIDAD EN DIRECTO,https://www.youtube.com/watch?v=KcBNs4WYn3c,2021-12-28 20:31:36
269,RUBIUS REACCIONA AL REWIND HISPANO 2021 [Alecmolon],https://www.youtube.com/watch?v=Hz87vcm8AuA,2021-12-29 22:05:59
270,EL PEOR FINAL POSIBLE | Five Nights At Freddy's: Security Breach #3 (Bad ending),https://www.youtube.com/watch?v=sWrFuvva25k,2022-01-02 23:00:28
271,HABER ESTUDIAO #3,https://www.youtube.com/watch?v=l_RGm6pYP_k,2022-01-04 21:39:38
272,LAS GARRAS DE MONTY! | Five Nights At Freddy's Security Breach #4,https://www.youtube.com/watch?v=pZrUeQXJwVw,2022-01-08 19:01:00
273,UN GOOD ENDING NUNCA FUE TAN DURO | Five Nights At Freddy's Security Breach #5 (FINAL),https://www.youtube.com/watch?v=3KO5awNOvvU,2022-01-11 19:30:13
274,No envien este video a la NASA... | Heavenly Bodies,https://www.youtube.com/watch?v=cSRul6I8kHU,2022-01-14 17:53:35
275,SUPERANDO MI RECORD? | Higher or Lower,https://www.youtube.com/watch?v=ysu3gMXAYSA,2022-01-16 19:36:04
276,RUBIUS siendo RUBIUS en EGOLAND 2,https://www.youtube.com/watch?v=OPaWpsMs-nI,2022-01-19 21:20:26
277,Torneo de Squid Craft Games de 100.000$ | DIA 1,https://www.youtube.com/watch?v=y7U98tRDc6E,2022-01-20 21:41:13
278,DEMASIADA TENSI√ìN PARA M√ç | Torneo Squid Craft Games de 100.000$ (D√çA 2),https://www.youtube.com/watch?v=rUIRZp2FuRU,2022-01-21 21:00:38
279,LOS JUEGOS DEL HACKEO | Torneo Squid Craft Games de 100.000$ (D√çA 3),https://www.youtube.com/watch?v=BnCNJJYrVQE,2022-01-23 21:50:07
280,STREAMERS PRUEBAN MI HAMBURGUESA...,https://www.youtube.com/watch?v=7kdA_-yg9u4,2022-01-29 21:20:03
281,SE REPITEN LOS SQUID CRAFT GAMES (sale mal),https://www.youtube.com/watch?v=JxSZJGUQlAg,2022-02-04 19:42:05
282,El metaverso que Mark Zuckerberg no quiere que veas,https://www.youtube.com/watch?v=lHRTRaWwrG0,2022-02-12 17:26:20
283,EL REGALO DE CUMPLEA√ëOS DE MIS FANS (INCREIBLE),https://www.youtube.com/watch?v=og_oCvH-lVk,2022-02-15 18:48:54
284,TRATO o NO TRATO ft. ElDed,https://www.youtube.com/watch?v=MhigECR66q4,2022-02-20 19:32:51
285,MI PRIMER CIBER-CAFE ES UN DESASTRE | Internet Cafe Simulator 2,https://www.youtube.com/watch?v=TQFAl6rFhQs,2022-02-23 20:12:36
286,REACCIONANDO A MEMES SIN NINGUN TIPO DE CONTEXTO,https://www.youtube.com/watch?v=tk7Wc40MWbA,2022-02-26 21:00:28
287,VOLVIENDO A HAPPY WHEELS 10 A√ëOS DESPUES,https://www.youtube.com/watch?v=RZeShophbmY,2022-03-04 19:30:14
288,HAN VUELTO LAS OPERACIONES EXTREMAS | Surgeon Simulator,https://www.youtube.com/watch?v=oTKZkcyGu3M,2022-03-07 21:06:43
289,9 dias seguidos en stream,https://www.youtube.com/watch?v=5j9GGm5fs2Q,2022-03-20 18:04:00
290,Mi primera vez luchando en la WWE,https://www.youtube.com/watch?v=jnGhdn29M_A,2022-03-24 19:03:09
291,Lo He Pasado REALMENTE Mal | Fears To Fathom: Norwood Hitchhike,https://www.youtube.com/watch?v=zoeUcpmGV0c,2022-03-28 20:05:19
292,RUBIUS PUNTUA VUESTROS SETUPS #2,https://www.youtube.com/watch?v=JLpfGB_Tm40,2022-04-07 18:30:24
293,Pones 1 Pixel Cada 5 Minutos y Pasa Esto | Reddit Place Dia 1,https://www.youtube.com/watch?v=S5N9SToDqYw,2022-04-09 19:31:30
294,AS√ç COMENZ√ì LA GUERRA CONTRA FRANCIA | Reddit Place D√≠a 2,https://www.youtube.com/watch?v=mBCrVOESF64,2022-04-13 18:00:34
295,ALGUIEN LLAMA A LA PUERTA,https://www.youtube.com/watch?v=qY55bn6rWnc,2022-04-14 20:25:19
296,AS√ç TERMIN√ì LA MAYOR GUERRA DE INTERNET,https://www.youtube.com/watch?v=xA3smLvsa_I,2022-04-18 18:00:01
297,EL NUEVO SECRETO DEL VECINO | Hello Neighbor 2,https://www.youtube.com/watch?v=-W1bzIim494,2022-04-20 19:22:19
298,APROVECHA EL BUGG | Hello Neighbor 2 (FINAL),https://www.youtube.com/watch?v=qlYHAuDQQdw,2022-04-22 19:40:13
299,Reaccionando a videos que te pasan tus amigos a las 3AM,https://www.youtube.com/watch?v=bOsrccZkYaA,2022-04-26 20:43:35
300,SOLO EN UNA TIENDA POR LA NOCHE | The Convenience Store,https://www.youtube.com/watch?v=3sKfA6YRuPw,2022-04-28 18:36:51
301,MAPAS 99% IMPOSIBLES (de nuevo) | Super Mario Maker 2,https://www.youtube.com/watch?v=s-tsx79lhQo,2022-05-01 17:10:20
302,WAIFUS ROB√ìTICAS DEL FUTURO | Memes Reddit #7,https://www.youtube.com/watch?v=uvmu2LEMS5Y,2022-05-03 20:21:12
303,LOS JUGUETES LOCOS HAN VUELTO | Poppy Playtime 2,https://www.youtube.com/watch?v=fqXA2I6Pm98,2022-05-06 19:24:38
304,EL FINAL DE MOMMY | Poppy Playtime 2 (Final),https://www.youtube.com/watch?v=2kMhK6ECsPs,2022-05-07 20:06:24
305,Adivina la Pelicula en 1 Segundo,https://www.youtube.com/watch?v=xxbEBpFX0eA,2022-05-11 20:01:57
306,Memes que necesitas ver antes de dormir,https://www.youtube.com/watch?v=B96UcXAGoBE,2022-05-14 17:39:18
307,Los Juegos del Hambre en 2022 | Minecraft Hunger Games MadKaos,https://www.youtube.com/watch?v=wIxnG4O6YD0,2022-05-17 19:42:54
308,2.000.000 ESPARTANOS VS 2.000 TANQUES | Ultimate Epic Battle Simulator 2,https://www.youtube.com/watch?v=GtOXU1uChXg,2022-05-20 19:32:40
309,INTENTANDO SER EXORCISTAS (sale mal) | Devour,https://www.youtube.com/watch?v=szu3lGVMJNg,2022-05-23 18:34:06
310,INTENTANDO SUPERAR MI RECORD *999% IMPOSIBLE* | Mario Maker 2,https://www.youtube.com/watch?v=ZWtYLxuGKRk,2022-05-26 19:52:47
311,ESTE MEME TIENE QUE PARAR,https://www.youtube.com/watch?v=IqPB-LYB80Y,2022-05-30 16:03:14
312,CAPTURANDO UN FANTASMA EN MI CASA | Devilry en 2022,https://www.youtube.com/watch?v=2KPDBFOIhe8,2022-06-01 16:35:54
313,HABER ESTUDIAO #4,https://www.youtube.com/watch?v=p42T944qQwY,2022-06-05 18:18:28
314,"CUIDADO, DETECTA TU MICROFONO | The Backrooms 1998",https://www.youtube.com/watch?v=2QfEijLvKtc,2022-06-08 19:01:36
315,El Nuevo Fortnite est√° ROTO (y me encanta),https://www.youtube.com/watch?v=vewGPIPZkS8,2022-06-11 19:30:10
316,EL SIMULADOR DE POLICIA DEFINITIVO,https://www.youtube.com/watch?v=4aw_HTTR1SE,2022-06-13 16:31:46
317,MINECRAFT SAW GAMES (DIA 1 DE RUBIUS),https://www.youtube.com/watch?v=0YGty3JFzUw,2022-06-18 17:05:58
318,MINECRAFT SAW GAMES (DIA 2 DE RUBIUS),https://www.youtube.com/watch?v=G0xobTvG7sY,2022-06-19 19:19:51
319,AS√ç TERMINARON LOS MINECRAFT SAW GAMES....,https://www.youtube.com/watch?v=29bk5h4rnLU,2022-06-21 18:04:51
320,PILOTANDO EL AVION MAS RAPIDO DEL MUNDO | Dark Star Jet,https://www.youtube.com/watch?v=-_NQxpUky9E,2022-06-24 16:03:29
321,Luchando Contra mi CLON | XQC Me Reta?,https://www.youtube.com/watch?v=bq6zfaGEK20,2022-06-28 17:24:52
322,RULETA RUSA EN VR | Pavlov VR,https://www.youtube.com/watch?v=mgt6vsr5BeM,2022-06-30 16:30:47
323,LA COLECCION MAS CARA DE STAR WARS (Record Guinness Mundial),https://www.youtube.com/watch?v=QIuROF52v5M,2022-07-03 19:00:38
324,ESCAPANDO DE BOB ESPONJA | The True Ingredients,https://www.youtube.com/watch?v=l5wvUH4ATkQ,2022-07-08 18:29:30
325,UN NUEVO MULTIVERSO | Karmaland V #1,https://www.youtube.com/watch?v=dzE000Z0ErE,2022-07-11 20:00:01
326,LA MOTOSIERRA ILEGALISIMA | Karmaland V #2,https://www.youtube.com/watch?v=HA_FN0mEAHo,2022-07-13 16:33:19
327,MI NUEVA CASA Y MI NUEVA BICI | Karmaland V #3,https://www.youtube.com/watch?v=rEQPdfftz-I,2022-07-15 21:00:28
328,LOS POLVOS MAGICOS ILEGALISIMOS | Karmaland V #4,https://www.youtube.com/watch?v=1Rpr8ETBNJo,2022-07-19 20:02:47
329,VUELVEN LOS ALIENS | Karmaland  V #5,https://www.youtube.com/watch?v=XiFv9CGZvl4,2022-07-21 20:00:58
330,EL JOKER EN SAINTS ROW,https://www.youtube.com/watch?v=huiRRml-pGs,2022-07-22 18:47:54
331,LA MANERA MAS LEGAL DE ENTRAR A UNA CASA | Karmaland V #6,https://www.youtube.com/watch?v=4iA6WnIGPDo,2022-07-25 20:28:20
332,EXPLORANDO CON VEGETTA | Karmaland V #7,https://www.youtube.com/watch?v=z3WUwWo4gzQ,2022-07-27 18:35:16
333,EL SONIDO M√ÅS MOLESTO DE MINECRAFT | Karmaland V #8,https://www.youtube.com/watch?v=aTTTKph4O4M,2022-07-29 19:11:50
334,LA FRUTA MALDITA Y EL ARMA SUPERILEGAL√çSIMA | Karmaland V #9,https://www.youtube.com/watch?v=usqaNT-pKho,2022-07-31 20:36:10
335,MI PEOR DIA EN KARMALAND | Karmaland V #10,https://www.youtube.com/watch?v=WdtfV2ZBooo,2022-08-01 16:50:00
336,EL VAC√çO LEGAL MAS ILEGAL | Karmaland V #11,https://www.youtube.com/watch?v=GyRyO8YPKRU,2022-08-04 19:20:26
337,EL PU√ëO DORADO ES GOD | Karmaland V #12,https://www.youtube.com/watch?v=ThQom7n-u6w,2022-08-07 16:06:03
338,ABRO MI TIENDA DE BICIS DEFINITIVA | Karmaland #13,https://www.youtube.com/watch?v=ct9paATloM0,2022-08-09 20:38:42
339,LAS FIESTAS DE KARMALAND | Karmaland V #14,https://www.youtube.com/watch?v=7Mtu8FocmRk,2022-08-11 20:53:30
340,Animales siendo interesantes por 9 minutos 40 segundos,https://www.youtube.com/watch?v=R6j205V76Lo,2022-08-13 18:27:27
341,EL NACIMIENTO DE TITI | Karmaland V #15,https://www.youtube.com/watch?v=XltONRnOtJI,2022-08-17 17:55:45
342,EL SALTO MAS GRANDE DE LA HISTORIA DE KARMALAND | Karmaland V #16,https://www.youtube.com/watch?v=9jGzE4JBCTU,2022-08-20 16:00:51
343,HE ROTO MINECRAFT | Karmaland V #17,https://www.youtube.com/watch?v=w9sdXyhwYTY,2022-08-22 20:01:31
344,COMO HACERTE MILLONARIO EN 3 SIMPLES PASOS | Saints Row,https://www.youtube.com/watch?v=doJfs_APZUc,2022-08-23 17:39:35
345,EL NUEVO AGENTE DE LA CIUDAD | Karmaland V #18,https://www.youtube.com/watch?v=rQZQOfZqXUI,2022-08-25 20:51:18
346,LA EXCAVADORA ILEGALISIMA MAS ROTA DE MINECRAFT | Karmaland V #19,https://www.youtube.com/watch?v=2ArVT5h6ZxI,2022-08-28 16:20:04
347,ESCALANDO LA TORRE MAS ALTA | Tower of Fantasy,https://www.youtube.com/watch?v=8JP9h6_wj4k,2022-08-29 19:10:13
348,FUNCIONAAAAAAA! | Karmaland V #20,https://www.youtube.com/watch?v=WdZTpfSOeRc,2022-08-31 17:55:33
349,LA LEYENDA DEL RODILLO | Splatoon 3,https://www.youtube.com/watch?v=M3lA45J2bFY,2022-09-02 19:12:53
350,DOS POLICIAS EN APUROS | Karmaland V #21,https://www.youtube.com/watch?v=DshP69iK6aA,2022-09-04 20:16:50
351,LA NUEVA DECORACION DE MI CASA | Karmaland V #22,https://www.youtube.com/watch?v=LTQ5TkzECBE,2022-09-06 16:34:01
352,EL BUG DE HIERRO INFINITO | Karmaland V #23,https://www.youtube.com/watch?v=pQ3u8nlBeIc,2022-09-08 16:38:37
353,WATERDROP CHALLENGE CON TRIPLE 7 | Karmaland V #24,https://www.youtube.com/watch?v=XaTiETIsnTg,2022-09-11 20:01:32
354,EL DIA DEL JUICIO FINAL | Karmaland V #25,https://www.youtube.com/watch?v=ihZaB7oj-v0,2022-09-13 20:01:54
355,EL DESCENSO A LA LOCURA | Karmaland V #26,https://www.youtube.com/watch?v=kZ0IvazvFl0,2022-09-15 20:17:39
356,TITI ERES TU???? | Karmaland V #27,https://www.youtube.com/watch?v=xxgsM9vnpsA,2022-09-17 20:24:19
357,TODOS ESTAN ESQUIZOFRENICOS | Karmaland V #28,https://www.youtube.com/watch?v=Eid5zEEVoiQ,2022-09-19 20:01:34
358,EL SECRETO DEL VOLCAN | Karmaland V #29,https://www.youtube.com/watch?v=0TTf0dCkkGY,2022-09-22 20:00:59
359,EL HUEVO DE SAPO PETA | Karmaland V #30,https://www.youtube.com/watch?v=MhlMDej5Dmw,2022-09-26 20:11:29
360,RUBIUS VS FNAF JR's,https://www.youtube.com/watch?v=m7LUIEwnXCA,2022-09-28 16:41:27
361,EL RITUAL DE LA SANGRE | Karmaland V #31,https://www.youtube.com/watch?v=8MDFHGTBwpI,2022-09-30 19:47:03
362,EL DESPERTAR DE MANGLE | FINAL de FNAF JR's,https://www.youtube.com/watch?v=JCh4eg1TvcY,2022-10-02 19:04:36
363,SON 200 AAAAAAAAAAHH!! | Karmaland V #32,https://www.youtube.com/watch?v=SlbNo2DFB5w,2022-10-04 19:30:05
364,LA VENGANZA DEFINITIVA | Karmaland V #33,https://www.youtube.com/watch?v=vS0-QsEHOYI,2022-10-06 20:32:16
365,LA MAYOR ILEGALIDAD DE KARMALAND | Karmaland V #34,https://www.youtube.com/watch?v=tf6cwJvNQXQ,2022-10-09 19:01:06
366,TAPANDO COMPLETAMENTE LA CASA DE VEGETTA | Karmaland V #35,https://www.youtube.com/watch?v=aus6RH1gpa0,2022-10-12 16:15:35
367,POR ESTO NO DEBES ENFADAR A TRIPLE 7 | Karmaland V #36,https://www.youtube.com/watch?v=Gvlyb4skD1s,2022-10-13 19:15:28
368,ROBANDO LA HERENCIA DE ALEXBY | Karmaland V #37,https://www.youtube.com/watch?v=vOrC9btyu5A,2022-10-15 18:30:52
369,EL MUNDO OCULTO DE KARMALAND | Karmaland V #38,https://www.youtube.com/watch?v=gVAOPZpszb4,2022-10-17 20:01:05
370,AFRONTANDO LA DURA REALIDAD | Karmaland V #39,https://www.youtube.com/watch?v=HuKlH7DHmMY,2022-10-19 16:31:49
371,EN BUSCA DE MI NUEVA FAMILIA | Karmaland V #40,https://www.youtube.com/watch?v=vv1KskuwCVM,2022-10-20 20:11:40
372,LA GRAN SUBASTA | Karmaland V #41,https://www.youtube.com/watch?v=xvg4JsPW7KY,2022-10-22 20:52:43
373,LE REGALO MI COCHE REAL A LOLITO A CAMBIO DE PIXELES | Karmaland V #42,https://www.youtube.com/watch?v=AdbHn38BHsw,2022-10-24 20:29:18
374,EL ADIOS DE NUESTRO QUERIDO AMIGO (stonks) | Karmaland V #43,https://www.youtube.com/watch?v=G7VU3z7rcuA,2022-10-25 18:59:47
375,NIEVES ERES TU??? | Karmaland V #44,https://www.youtube.com/watch?v=jOP6rTkexSA,2022-10-28 20:04:10
376,TU CASA ES MI CASA | Karmaland V #45,https://www.youtube.com/watch?v=TrLyOD9B1Hk,2022-10-30 18:19:32
377,SHAGGY HACE SU PRIMERA CALABAZA DE HALLOWEEN,https://www.youtube.com/watch?v=N1hgVMO_LRM,2022-11-02 17:00:56
378,QUACKITY PARA PRESIDENTE! | Karmaland V #46,https://www.youtube.com/watch?v=PkLWcMans0Y,2022-11-04 21:00:52
379,NO PUEDES SER T√ö... | Karmaland V #47,https://www.youtube.com/watch?v=-K0e6YE4u0Q,2022-11-06 21:00:00
380,NO ES REAL NO ES REAL NO ES REAL | Karmaland V #48,https://www.youtube.com/watch?v=KJ73XM_zJEs,2022-11-08 20:00:17
381,UNBOXING de GOD OF WAR: RAGNAROK (EDICION J√ñTNAR),https://www.youtube.com/watch?v=1LwLuI8DGlA,2022-11-10 17:53:16
382,LAS ELECCIONES DE KARMALAND V | #49,https://www.youtube.com/watch?v=Wyu_ZZ0I6Go,2022-11-12 20:30:03
383,LA MAQUINA DE LA VERDAD | Karmaland V #50,https://www.youtube.com/watch?v=fYdpZ6XlriU,2022-11-15 19:30:36
384,EL MEJOR JUEGO DE TERROR EN A√ëOS | MADiSON,https://www.youtube.com/watch?v=V9E8YfMmps0,2022-11-19 17:00:23
385,ESTE JUEGO DA DEMASIADO MAL ROLLO | MADiSON FINAL,https://www.youtube.com/watch?v=HHO36WzoPCI,2022-11-21 19:01:11
386,LA GRAN BODA DE KARMALAND V | #51,https://www.youtube.com/watch?v=bFDeCBwWKsE,2022-11-22 21:10:17
387,PENDEJOS NO DURAN NADA | Karmaland V #52,https://www.youtube.com/watch?v=tcM0P7z2c5A,2022-11-24 21:14:34
388,Mi Primer Video de Clash Royale,https://www.youtube.com/watch?v=CX1QJmxB00w,2022-12-01 19:48:34
389,EL MUNDIAL DE KARMALAND | Karmaland V #53,https://www.youtube.com/watch?v=ukH6qWUqqwU,2022-12-05 20:32:27
390,El Nuevo Fortnite es una COMPLETA LOCURA (Capitulo 4),https://www.youtube.com/watch?v=cYJctD8B_WY,2022-12-06 19:16:45
391,EXPLOTANDO KARMALAND *literalmente* | Karmaland V #54,https://www.youtube.com/watch?v=xuEWzHYM7QY,2022-12-09 21:05:41
392,EL DIA DE LA REVOLUCION | Karmaland V #55,https://www.youtube.com/watch?v=nQJKqfrIFjE,2022-12-12 20:00:23
393,VIAJANDO AL ESPACIO EXTERIOR | Karmaland V #56,https://www.youtube.com/watch?v=m_uf76fuVSU,2022-12-18 21:00:10
394,VISITANDO EL END CON TRIPLE 7 | Karmaland V #57,https://www.youtube.com/watch?v=WSbKsVQOvZQ,2022-12-19 21:21:03
395,EL REGRESO MAS ESPERADO DE KARMALAND V | #58,https://www.youtube.com/watch?v=d_L-lZCj9P4,2022-12-21 21:00:31
396,EL FINAL DE KARMALAND V,https://www.youtube.com/watch?v=7qCIn39k7zs,2022-12-23 18:57:18
397,Reaccionando a memes absurdos que NO dan risa,https://www.youtube.com/watch?v=U8alU3WwSbk,2022-12-26 21:18:23
398,NO TE QUEDES MIRANDOLE | Luto,https://www.youtube.com/watch?v=lA2_X3vwN-s,2022-12-29 21:05:55
399,Invit√© a un Suscriptor a Karmaland por un D√≠a,https://www.youtube.com/watch?v=nefi0Kq7bBA,2023-01-01 17:31:47
400,PERDIENDO LA CABEZA EN UN VIDEOJUEGO DE NUEVO,https://www.youtube.com/watch?v=A-dy09g96YQ,2023-01-05 21:44:25
401,LA INTELIGENCIA ARTIFICIAL HA LLEGADO DEMASIADO LEJOS,https://www.youtube.com/watch?v=JrBXblX_gi4,2023-01-07 20:08:26
402,instal√© un RANDOMIZADOR en Elden Ring...,https://www.youtube.com/watch?v=iqObZvzud8g,2023-01-11 21:00:17
403,no dejes que ELLA entre en tu casa,https://www.youtube.com/watch?v=uvuhSOwLjCE,2023-01-14 19:00:19
404,DEMASIADO FACIL PARA MI | Elden Ring Randomizador #2,https://www.youtube.com/watch?v=ta1FrMt8lCw,2023-01-18 21:02:50
405,LA TACTICA DEFINITIVA DE GIGACHAD | Elden Ring Randomizador #3,https://www.youtube.com/watch?v=hmt6R0-u1NQ,2023-01-21 21:03:50
406,YO SOY MI PEOR ENEMIGO | Elden Ring Randomizador #4,https://www.youtube.com/watch?v=bKP5EW9I2aE,2023-01-25 21:06:34
407,REVIVI√ì LA VERDADERA M√öSICA | Disaster Band,https://www.youtube.com/watch?v=-fa6shD9suA,2023-01-31 21:18:22
408,NINGUN BOSS SE ME RESISTE | Elden Ring Randomizador #5,https://www.youtube.com/watch?v=fXDPd7HlSYU,2023-02-05 21:02:15
409,INSTALE +100 MODS EN RESIDENT EVIL 3 Y NO ME ARREPIENTO,https://www.youtube.com/watch?v=irYuM_fNMRE,2023-02-13 20:09:19
410,ASI FUE COMO GIGACHAD LO CONSIGUI√ì... | Elden Ring Randomizador FINAL,https://www.youtube.com/watch?v=vPzf07Ba0YY,2023-02-20 20:30:03
411,MEGA UNBOXING DE COMPRAS OTAKUS EN JAPON,https://www.youtube.com/watch?v=ptFpGHkqn4w,2023-02-25 21:07:18
412,PERDIDO EN UN BOSQUE CON CANIBALES | Sons of the Forest,https://www.youtube.com/watch?v=BWcwTGgIF2c,2023-02-27 21:08:38
413,ESTO VA A SER LEGENDARIO | SQUID CRAFT GAMES 2 (D√çA 1),https://www.youtube.com/watch?v=HCN1ULE1u7c,2023-03-01 22:11:47
414,SOLO LOS FURRYS SOBREVIVEN | SQUID CRAFT GAMES 2 (DIA 2),https://www.youtube.com/watch?v=uOnH1or-riU,2023-03-02 21:41:28
415,EL D√çA M√ÅS SANGRIENTO DE TODOS | SQUID CRAFT GAMES 2 (DIA 3),https://www.youtube.com/watch?v=ij72igsMYH0,2023-03-03 21:34:44
416,EL ATAQUE DE LOS TITANES | Sons of The Forest #2,https://www.youtube.com/watch?v=AYKNM6TzENA,2023-03-07 20:00:06
417,EXPLORANDO EN FAMILIA | Sons of The Forest #3,https://www.youtube.com/watch?v=SlZGnp29mik,2023-03-09 21:33:16
418,HEMOS VUELTO A GARRYS MOD,https://www.youtube.com/watch?v=JSfhHiMznaU,2023-03-12 21:41:16
419,EL FINAL MAS RARO DE UN VIDEOJUEGO | Sons of the Forest FINAL,https://www.youtube.com/watch?v=3VMRdWYe7jY,2023-03-14 20:00:02
420,El juego JAPONES mas TURBIO de la historia,https://www.youtube.com/watch?v=fHV3BqFPaIs,2023-03-16 20:00:22
421,TheGrefg No Siempre Gana,https://www.youtube.com/watch?v=zunHL_NoQTE,2023-03-19 21:51:08
422,The Legend of Zelda: Ocarina of Time HD (COMPLETO by Rubius),https://www.youtube.com/watch?v=XM98fQFQYc8,2023-03-23 18:26:28
423,Policia de Contrabando por un D√≠a,https://www.youtube.com/watch?v=Uqsja7kkQ78,2023-03-27 19:08:31
424,NADIE SE ESCAPA DE MIS ADUANAS | Contraband Police,https://www.youtube.com/watch?v=ePf7IuK_YX4,2023-03-30 19:05:00
425,DUELO DE TEMAZOS DE VIDEOJUEGOS,https://www.youtube.com/watch?v=cxUmLTyDwkc,2023-04-02 19:00:19
426,Cocinando con Una Sola Mano (SALE MAL),https://www.youtube.com/watch?v=M8cTyz3Ipfc,2023-04-05 20:02:12
427,Aqui Vive un Demonio | Family Curse,https://www.youtube.com/watch?v=qtZJNkAbtM4,2023-04-07 17:00:29
428,Superando mi (LAMENTABLE) Record,https://www.youtube.com/watch?v=FOmWrWVE_K0,2023-04-11 20:00:05
429,VIGILANDO UNA ESCUELA ABANDONADA | Im on Observation Duty,https://www.youtube.com/watch?v=sn88gRoTamI,2023-04-14 20:00:19
430,DESTRUYENDO mi NUEVO RECORD en MARIO MAKER *999% Imposible*,https://www.youtube.com/watch?v=iMkGS2GZskY,2023-04-19 20:09:20
431,Un Viewer me env√≠o Esta Locura,https://www.youtube.com/watch?v=uvijjMlzrDc,2023-04-23 18:12:48
432,CAZANDO ANIMALES (son pixeles Twitter) | The Hunter Call of The Wild,https://www.youtube.com/watch?v=EUd5vUF79hg,2023-04-27 20:00:03
433,He SUFRIDO para conseguir ESTO,https://www.youtube.com/watch?v=c5dyi0n2pRQ,2023-04-30 19:11:13
434,LA CAJA LEGENDARIA 2023,https://www.youtube.com/watch?v=Kqdgme7ZD-4,2023-05-03 19:43:40
435,Carrileando a mis Amigos Pros en CSGO,https://www.youtube.com/watch?v=fWlJf7jc35w,2023-05-06 19:00:11
436,Amanda La Aventurera,https://www.youtube.com/watch?v=8NoVcQ4oJV4,2023-05-08 20:03:47
437,PERDIENDO la CABEZA en MAPAS TROLLS de MARIO MAKER,https://www.youtube.com/watch?v=vrEZi0zrdVU,2023-05-14 20:00:21
438,Poniendo a Prueba mi Inteligencia en Q REMASTERED,https://www.youtube.com/watch?v=gOO5mPLKhvQ,2023-05-21 20:00:14
439,DE VUELTA A LA LOCURA | Outlast Trials,https://www.youtube.com/watch?v=b1S_1XI4N9k,2023-05-25 19:01:36
440,TERROR DEMASIADO REALISTA (Body Cam) | DEPPART,https://www.youtube.com/watch?v=uqcbUVttT1E,2023-05-28 19:17:03
441,EL NUEVO FNAF NO TE DEJAR√Å DORMIR DURANTE DIAS,https://www.youtube.com/watch?v=t-JH91IwpDg,2023-05-31 20:11:24
442,Perdiendo la Cabeza en un Juego de Parkour con GALLINAS,https://www.youtube.com/watch?v=ziCeyF4gbmc,2023-06-06 20:01:17
443,SI TIENES VERTIGO NO MIRES ESTO | Only Up,https://www.youtube.com/watch?v=xm5GWzp089w,2023-06-18 20:00:09
444,"Starfield, DECEPCION O GOTY?",https://www.youtube.com/watch?v=MLimCfGVxYg,2023-06-21 20:13:19
445,Este Bug Me Hizo Perder la Cabeza | Only Up,https://www.youtube.com/watch?v=HKAp-Fb4fjM,2023-06-25 20:36:45
446,ELLOS VIENEN A POR MI | The Greyhill Incident,https://www.youtube.com/watch?v=1yoTbVWNEdg,2023-06-28 19:00:00
447,MI LEGENDARIO FINAL EN ONLY UP,https://www.youtube.com/watch?v=txWH0zuIVho,2023-07-02 20:27:15
448,VIGILANDO UN EDIFICIO MALDITO *terror japones* | Night Security,https://www.youtube.com/watch?v=pp-4YhjBkno,2023-07-04 20:20:49
449,LA ULTIMA NOCHE DE ESTE FNAF ES IMPOSIBLE,https://www.youtube.com/watch?v=KTPiPNvdOUk,2023-07-06 20:08:05
450,MI MINECRAFT ANDA RARO | Craft of Mine,https://www.youtube.com/watch?v=yWobGUzbRJE,2023-07-09 20:21:29
451,MI PRIMERA VEZ EN SUBNAUTICA,https://www.youtube.com/watch?v=1BzgrX0IcyU,2023-07-19 18:23:00
452,ME ENCONTR√â UN REAPER LEVIATAN! | Subnautica #2,https://www.youtube.com/watch?v=ZxYA477d-5c,2023-07-22 16:43:47
453,La Evolucion de los Mundos Abiertos en los Videojuegos (1984-2023),https://www.youtube.com/watch?v=8XAjEPIp_ac,2023-07-26 17:17:05
454,ENCONTR√â VIDA INTELIGENTE | Subnautica #3,https://www.youtube.com/watch?v=RVW1FL9eCIs,2023-07-28 20:03:35
